# Preit	3005842,3005852,3005888,3005891,3005899,3005900,3005911,3005912,3005924,3006912,3006944,3006949
# Psaxi	3005841,3005853,3005865,3005877,3005889,3005901,3005903
# Psche	2990934,2990940,3005839,3005851,3005863,3005874,3005875,3005886,3005887,3006939,3006940,3006945
# Pteri	3005843,3005854,3005855,3005867,3005890,3005902,3005914,3005926,3006928,3006934
# Locus ID	Chr	BP	Col	Pop ID	P Nuc	Q Nuc	N	P	Obs Het	Obs Hom	Exp Het	Exp Hom	Pi	Smoothed Pi	Smoothed Pi P-value	Fis	Smoothed Fis	Smoothed Fis P-value	HWE P-value	Private
2	un	94	93	Preit	T	C	12	0.50000000	1.00000	0.00000	0.50000	0.50000	0.52174	-1.00000	-1.00000	-0.91667	-1.00000	-1.00000	1.00000	0
2	un	94	93	Psaxi	T	C	7	0.57142857	0.85714	0.14286	0.48980	0.51020	0.52747	-1.00000	-1.00000	-0.62500	-1.00000	-1.00000	1.00000	0
2	un	94	93	Psche	T	-	9	1.00000000	0.00000	1.00000	0.00000	1.00000	0.00000	-1.00000	-1.00000	0.00000	-1.00000	-1.00000	1.00000	0
2	un	94	93	Pteri	T	-	10	1.00000000	0.00000	1.00000	0.00000	1.00000	0.00000	-1.00000	-1.00000	0.00000	-1.00000	-1.00000	1.00000	0
40	un	464	54	Preit	A	-	11	1.00000000	0.00000	1.00000	0.00000	1.00000	0.00000	-1.00000	-1.00000	0.00000	-1.00000	-1.00000	1.00000	0
40	un	464	54	Psaxi	A	-	7	1.00000000	0.00000	1.00000	0.00000	1.00000	0.00000	-1.00000	-1.00000	0.00000	-1.00000	-1.00000	1.00000	0
40	un	464	54	Psche	A	-	11	1.00000000	0.00000	1.00000	0.00000	1.00000	0.00000	-1.00000	-1.00000	0.00000	-1.00000	-1.00000	1.00000	0
40	un	464	54	Pteri	A	C	10	0.70000000	0.00000	1.00000	0.42000	0.58000	0.44211	-1.00000	-1.00000	1.00000	-1.00000	-1.00000	1.00000	1
80	un	567	56	Preit	G	-	12	1.00000000	0.00000	1.00000	0.00000	1.00000	0.00000	-1.00000	-1.00000	0.00000	-1.00000	-1.00000	1.00000	0
80	un	567	56	Psaxi	G	-	5	1.00000000	0.00000	1.00000	0.00000	1.00000	0.00000	-1.00000	-1.00000	0.00000	-1.00000	-1.00000	1.00000	0
80	un	567	56	Psche	G	C	12	0.83333333	0.16667	0.83333	0.27778	0.72222	0.28986	-1.00000	-1.00000	0.42500	-1.00000	-1.00000	1.00000	1
80	un	567	56	Pteri	G	-	8	1.00000000	0.00000	1.00000	0.00000	1.00000	0.00000	-1.00000	-1.00000	0.00000	-1.00000	-1.00000	1.00000	0
179	un	952	29	Preit	-	T	10	0.00000000	0.00000	1.00000	0.00000	1.00000	0.00000	-1.00000	-1.00000	0.00000	-1.00000	-1.00000	1.00000	0
179	un	952	29	Psaxi	-	T	7	0.00000000	0.00000	1.00000	0.00000	1.00000	0.00000	-1.00000	-1.00000	0.00000	-1.00000	-1.00000	1.00000	0
179	un	952	29	Psche	C	-	10	1.00000000	0.00000	1.00000	0.00000	1.00000	0.00000	-1.00000	-1.00000	0.00000	-1.00000	-1.00000	1.00000	0
179	un	952	29	Pteri	C	T	10	0.85000000	0.10000	0.90000	0.25500	0.74500	0.26842	-1.00000	-1.00000	0.62745	-1.00000	-1.00000	1.00000	0
188	un	1053	29	Preit	T	-	10	1.00000000	0.00000	1.00000	0.00000	1.00000	0.00000	-1.00000	-1.00000	0.00000	-1.00000	-1.00000	1.00000	0
188	un	1053	29	Psaxi	T	-	7	1.00000000	0.00000	1.00000	0.00000	1.00000	0.00000	-1.00000	-1.00000	0.00000	-1.00000	-1.00000	1.00000	0
188	un	1053	29	Psche	T	C	11	0.45454545	0.00000	1.00000	0.49587	0.50413	0.51948	-1.00000	-1.00000	1.00000	-1.00000	-1.00000	1.00000	1
188	un	1053	29	Pteri	T	-	10	1.00000000	0.00000	1.00000	0.00000	1.00000	0.00000	-1.00000	-1.00000	0.00000	-1.00000	-1.00000	1.00000	0
558	un	1446	16	Preit	G	-	11	1.00000000	0.00000	1.00000	0.00000	1.00000	0.00000	-1.00000	-1.00000	0.00000	-1.00000	-1.00000	1.00000	0
558	un	1446	16	Psaxi	G	-	7	1.00000000	0.00000	1.00000	0.00000	1.00000	0.00000	-1.00000	-1.00000	0.00000	-1.00000	-1.00000	1.00000	0
558	un	1446	16	Psche	G	C	10	0.75000000	0.10000	0.90000	0.37500	0.62500	0.39474	-1.00000	-1.00000	0.74667	-1.00000	-1.00000	1.00000	0
558	un	1446	16	Pteri	G	C	9	0.88888889	0.00000	1.00000	0.19753	0.80247	0.20915	-1.00000	-1.00000	1.00000	-1.00000	-1.00000	1.00000	0
698	un	1543	12	Preit	C	-	11	1.00000000	0.00000	1.00000	0.00000	1.00000	0.00000	-1.00000	-1.00000	0.00000	-1.00000	-1.00000	1.00000	0
698	un	1543	12	Psaxi	C	-	6	1.00000000	0.00000	1.00000	0.00000	1.00000	0.00000	-1.00000	-1.00000	0.00000	-1.00000	-1.00000	1.00000	0
698	un	1543	12	Psche	C	A	11	0.59090909	0.09091	0.90909	0.48347	0.51653	0.50649	-1.00000	-1.00000	0.82051	-1.00000	-1.00000	1.00000	1
698	un	1543	12	Pteri	C	-	10	1.00000000	0.00000	1.00000	0.00000	1.00000	0.00000	-1.00000	-1.00000	0.00000	-1.00000	-1.00000	1.00000	0
781	un	1757	23	Preit	C	-	12	1.00000000	0.00000	1.00000	0.00000	1.00000	0.00000	-1.00000	-1.00000	0.00000	-1.00000	-1.00000	1.00000	0
781	un	1757	23	Psaxi	C	-	6	1.00000000	0.00000	1.00000	0.00000	1.00000	0.00000	-1.00000	-1.00000	0.00000	-1.00000	-1.00000	1.00000	0
781	un	1757	23	Psche	C	T	11	0.63636364	0.00000	1.00000	0.46281	0.53719	0.48485	-1.00000	-1.00000	1.00000	-1.00000	-1.00000	1.00000	1
781	un	1757	23	Pteri	C	-	10	1.00000000	0.00000	1.00000	0.00000	1.00000	0.00000	-1.00000	-1.00000	0.00000	-1.00000	-1.00000	1.00000	0
981	un	2070	22	Preit	A	-	12	1.00000000	0.00000	1.00000	0.00000	1.00000	0.00000	-1.00000	-1.00000	0.00000	-1.00000	-1.00000	1.00000	0
981	un	2070	22	Psaxi	A	-	4	1.00000000	0.00000	1.00000	0.00000	1.00000	0.00000	-1.00000	-1.00000	0.00000	-1.00000	-1.00000	1.00000	0
981	un	2070	22	Psche	A	G	11	0.63636364	0.00000	1.00000	0.46281	0.53719	0.48485	-1.00000	-1.00000	1.00000	-1.00000	-1.00000	1.00000	1
981	un	2070	22	Pteri	A	-	10	1.00000000	0.00000	1.00000	0.00000	1.00000	0.00000	-1.00000	-1.00000	0.00000	-1.00000	-1.00000	1.00000	0
998	un	2168	19	Preit	G	C	12	0.70833333	0.25000	0.75000	0.41319	0.58681	0.43116	-1.00000	-1.00000	0.42017	-1.00000	-1.00000	1.00000	0
998	un	2168	19	Psaxi	G	C	7	0.35714286	0.42857	0.57143	0.45918	0.54082	0.49451	-1.00000	-1.00000	0.13333	-1.00000	-1.00000	1.00000	0
998	un	2168	19	Psche	G	-	12	1.00000000	0.00000	1.00000	0.00000	1.00000	0.00000	-1.00000	-1.00000	0.00000	-1.00000	-1.00000	1.00000	0
998	un	2168	19	Pteri	-	C	10	0.00000000	0.00000	1.00000	0.00000	1.00000	0.00000	-1.00000	-1.00000	0.00000	-1.00000	-1.00000	1.00000	0
1065	un	2333	82	Preit	-	C	12	0.00000000	0.00000	1.00000	0.00000	1.00000	0.00000	-1.00000	-1.00000	0.00000	-1.00000	-1.00000	1.00000	0
1065	un	2333	82	Psaxi	A	C	7	0.14285714	0.00000	1.00000	0.24490	0.75510	0.26374	-1.00000	-1.00000	1.00000	-1.00000	-1.00000	1.00000	0
1065	un	2333	82	Psche	A	-	9	1.00000000	0.00000	1.00000	0.00000	1.00000	0.00000	-1.00000	-1.00000	0.00000	-1.00000	-1.00000	1.00000	0
1065	un	2333	82	Pteri	A	-	10	1.00000000	0.00000	1.00000	0.00000	1.00000	0.00000	-1.00000	-1.00000	0.00000	-1.00000	-1.00000	1.00000	0
1104	un	2391	38	Preit	C	G	12	0.75000000	0.33333	0.66667	0.37500	0.62500	0.39130	-1.00000	-1.00000	0.14815	-1.00000	-1.00000	1.00000	0
1104	un	2391	38	Psaxi	C	G	6	0.66666667	0.00000	1.00000	0.44444	0.55556	0.48485	-1.00000	-1.00000	1.00000	-1.00000	-1.00000	1.00000	0
1104	un	2391	38	Psche	C	-	9	1.00000000	0.00000	1.00000	0.00000	1.00000	0.00000	-1.00000	-1.00000	0.00000	-1.00000	-1.00000	1.00000	0
1104	un	2391	38	Pteri	C	-	10	1.00000000	0.00000	1.00000	0.00000	1.00000	0.00000	-1.00000	-1.00000	0.00000	-1.00000	-1.00000	1.00000	0
1173	un	2527	72	Preit	A	-	12	1.00000000	0.00000	1.00000	0.00000	1.00000	0.00000	-1.00000	-1.00000	0.00000	-1.00000	-1.00000	1.00000	0
1173	un	2527	72	Psaxi	A	-	6	1.00000000	0.00000	1.00000	0.00000	1.00000	0.00000	-1.00000	-1.00000	0.00000	-1.00000	-1.00000	1.00000	0
1173	un	2527	72	Psche	A	T	10	0.50000000	0.00000	1.00000	0.50000	0.50000	0.52632	-1.00000	-1.00000	1.00000	-1.00000	-1.00000	1.00000	1
1173	un	2527	72	Pteri	A	-	9	1.00000000	0.00000	1.00000	0.00000	1.00000	0.00000	-1.00000	-1.00000	0.00000	-1.00000	-1.00000	1.00000	0
1707	un	2801	40	Preit	G	-	11	1.00000000	0.00000	1.00000	0.00000	1.00000	0.00000	-1.00000	-1.00000	0.00000	-1.00000	-1.00000	1.00000	0
1707	un	2801	40	Psaxi	G	-	7	1.00000000	0.00000	1.00000	0.00000	1.00000	0.00000	-1.00000	-1.00000	0.00000	-1.00000	-1.00000	1.00000	0
1707	un	2801	40	Psche	G	C	11	0.36363636	0.00000	1.00000	0.46281	0.53719	0.48485	-1.00000	-1.00000	1.00000	-1.00000	-1.00000	1.00000	1
1707	un	2801	40	Pteri	G	-	9	1.00000000	0.00000	1.00000	0.00000	1.00000	0.00000	-1.00000	-1.00000	0.00000	-1.00000	-1.00000	1.00000	0
1982	un	3004	40	Preit	G	-	12	1.00000000	0.00000	1.00000	0.00000	1.00000	0.00000	-1.00000	-1.00000	0.00000	-1.00000	-1.00000	1.00000	0
1982	un	3004	40	Psaxi	G	-	6	1.00000000	0.00000	1.00000	0.00000	1.00000	0.00000	-1.00000	-1.00000	0.00000	-1.00000	-1.00000	1.00000	0
1982	un	3004	40	Psche	G	A	12	0.83333333	0.16667	0.83333	0.27778	0.72222	0.28986	-1.00000	-1.00000	0.42500	-1.00000	-1.00000	1.00000	0
1982	un	3004	40	Pteri	G	A	9	0.94444444	0.11111	0.88889	0.10494	0.89506	0.11111	-1.00000	-1.00000	0.00000	-1.00000	-1.00000	1.00000	0
2050	un	3094	28	Preit	A	-	11	1.00000000	0.00000	1.00000	0.00000	1.00000	0.00000	-1.00000	-1.00000	0.00000	-1.00000	-1.00000	1.00000	0
2050	un	3094	28	Psaxi	A	-	6	1.00000000	0.00000	1.00000	0.00000	1.00000	0.00000	-1.00000	-1.00000	0.00000	-1.00000	-1.00000	1.00000	0
2050	un	3094	28	Psche	A	G	10	0.80000000	0.20000	0.80000	0.32000	0.68000	0.33684	-1.00000	-1.00000	0.40625	-1.00000	-1.00000	1.00000	1
2050	un	3094	28	Pteri	A	-	10	1.00000000	0.00000	1.00000	0.00000	1.00000	0.00000	-1.00000	-1.00000	0.00000	-1.00000	-1.00000	1.00000	0
2278	un	3406	33	Preit	C	-	12	1.00000000	0.00000	1.00000	0.00000	1.00000	0.00000	-1.00000	-1.00000	0.00000	-1.00000	-1.00000	1.00000	0
2278	un	3406	33	Psaxi	C	T	7	0.85714286	0.00000	1.00000	0.24490	0.75510	0.26374	-1.00000	-1.00000	1.00000	-1.00000	-1.00000	1.00000	0
2278	un	3406	33	Psche	C	T	11	0.36363636	0.00000	1.00000	0.46281	0.53719	0.48485	-1.00000	-1.00000	1.00000	-1.00000	-1.00000	1.00000	0
2278	un	3406	33	Pteri	C	T	8	0.75000000	0.00000	1.00000	0.37500	0.62500	0.40000	-1.00000	-1.00000	1.00000	-1.00000	-1.00000	1.00000	0
3115	un	3806	22	Preit	T	-	12	1.00000000	0.00000	1.00000	0.00000	1.00000	0.00000	-1.00000	-1.00000	0.00000	-1.00000	-1.00000	1.00000	0
3115	un	3806	22	Psaxi	T	-	5	1.00000000	0.00000	1.00000	0.00000	1.00000	0.00000	-1.00000	-1.00000	0.00000	-1.00000	-1.00000	1.00000	0
3115	un	3806	22	Psche	T	-	12	1.00000000	0.00000	1.00000	0.00000	1.00000	0.00000	-1.00000	-1.00000	0.00000	-1.00000	-1.00000	1.00000	0
3115	un	3806	22	Pteri	T	G	8	0.37500000	0.00000	1.00000	0.46875	0.53125	0.50000	-1.00000	-1.00000	1.00000	-1.00000	-1.00000	1.00000	1
3420	un	4096	5	Preit	G	-	12	1.00000000	0.00000	1.00000	0.00000	1.00000	0.00000	-1.00000	-1.00000	0.00000	-1.00000	-1.00000	1.00000	0
3420	un	4096	5	Psaxi	G	-	5	1.00000000	0.00000	1.00000	0.00000	1.00000	0.00000	-1.00000	-1.00000	0.00000	-1.00000	-1.00000	1.00000	0
3420	un	4096	5	Psche	G	-	11	1.00000000	0.00000	1.00000	0.00000	1.00000	0.00000	-1.00000	-1.00000	0.00000	-1.00000	-1.00000	1.00000	0
3420	un	4096	5	Pteri	G	A	10	0.40000000	0.00000	1.00000	0.48000	0.52000	0.50526	-1.00000	-1.00000	1.00000	-1.00000	-1.00000	1.00000	1
3477	un	4344	50	Preit	G	-	12	1.00000000	0.00000	1.00000	0.00000	1.00000	0.00000	-1.00000	-1.00000	0.00000	-1.00000	-1.00000	1.00000	0
3477	un	4344	50	Psaxi	G	-	6	1.00000000	0.00000	1.00000	0.00000	1.00000	0.00000	-1.00000	-1.00000	0.00000	-1.00000	-1.00000	1.00000	0
3477	un	4344	50	Psche	G	T	11	0.63636364	0.18182	0.81818	0.46281	0.53719	0.48485	-1.00000	-1.00000	0.62500	-1.00000	-1.00000	1.00000	1
3477	un	4344	50	Pteri	G	-	10	1.00000000	0.00000	1.00000	0.00000	1.00000	0.00000	-1.00000	-1.00000	0.00000	-1.00000	-1.00000	1.00000	0
3637	un	4564	68	Preit	-	C	12	0.00000000	0.00000	1.00000	0.00000	1.00000	0.00000	-1.00000	-1.00000	0.00000	-1.00000	-1.00000	1.00000	0
3637	un	4564	68	Psaxi	G	C	7	0.14285714	0.00000	1.00000	0.24490	0.75510	0.26374	-1.00000	-1.00000	1.00000	-1.00000	-1.00000	1.00000	0
3637	un	4564	68	Psche	G	-	12	1.00000000	0.00000	1.00000	0.00000	1.00000	0.00000	-1.00000	-1.00000	0.00000	-1.00000	-1.00000	1.00000	0
3637	un	4564	68	Pteri	G	-	10	1.00000000	0.00000	1.00000	0.00000	1.00000	0.00000	-1.00000	-1.00000	0.00000	-1.00000	-1.00000	1.00000	0
3821	un	4840	41	Preit	G	-	11	1.00000000	0.00000	1.00000	0.00000	1.00000	0.00000	-1.00000	-1.00000	0.00000	-1.00000	-1.00000	1.00000	0
3821	un	4840	41	Psaxi	G	-	5	1.00000000	0.00000	1.00000	0.00000	1.00000	0.00000	-1.00000	-1.00000	0.00000	-1.00000	-1.00000	1.00000	0
3821	un	4840	41	Psche	G	A	12	0.83333333	0.33333	0.66667	0.27778	0.72222	0.28986	-1.00000	-1.00000	-0.15000	-1.00000	-1.00000	1.00000	1
3821	un	4840	41	Pteri	G	-	9	1.00000000	0.00000	1.00000	0.00000	1.00000	0.00000	-1.00000	-1.00000	0.00000	-1.00000	-1.00000	1.00000	0
4055	un	5023	19	Preit	A	G	12	0.95833333	0.08333	0.91667	0.07986	0.92014	0.08333	-1.00000	-1.00000	0.00000	-1.00000	-1.00000	1.00000	0
4055	un	5023	19	Psaxi	A	-	7	1.00000000	0.00000	1.00000	0.00000	1.00000	0.00000	-1.00000	-1.00000	0.00000	-1.00000	-1.00000	1.00000	0
4055	un	5023	19	Psche	A	G	10	0.80000000	0.40000	0.60000	0.32000	0.68000	0.33684	-1.00000	-1.00000	-0.18750	-1.00000	-1.00000	1.00000	0
4055	un	5023	19	Pteri	A	G	10	0.90000000	0.20000	0.80000	0.18000	0.82000	0.18947	-1.00000	-1.00000	-0.05556	-1.00000	-1.00000	1.00000	0
4384	un	5305	96	Preit	C	T	12	0.37500000	0.25000	0.75000	0.46875	0.53125	0.48913	-1.00000	-1.00000	0.48889	-1.00000	-1.00000	1.00000	1
4384	un	5305	96	Psaxi	C	-	6	1.00000000	0.00000	1.00000	0.00000	1.00000	0.00000	-1.00000	-1.00000	0.00000	-1.00000	-1.00000	1.00000	0
4384	un	5305	96	Psche	C	-	12	1.00000000	0.00000	1.00000	0.00000	1.00000	0.00000	-1.00000	-1.00000	0.00000	-1.00000	-1.00000	1.00000	0
4384	un	5305	96	Pteri	C	-	10	1.00000000	0.00000	1.00000	0.00000	1.00000	0.00000	-1.00000	-1.00000	0.00000	-1.00000	-1.00000	1.00000	0
4639	un	5429	16	Preit	C	-	12	1.00000000	0.00000	1.00000	0.00000	1.00000	0.00000	-1.00000	-1.00000	0.00000	-1.00000	-1.00000	1.00000	0
4639	un	5429	16	Psaxi	C	T	6	0.58333333	0.16667	0.83333	0.48611	0.51389	0.53030	-1.00000	-1.00000	0.68571	-1.00000	-1.00000	1.00000	1
4639	un	5429	16	Psche	C	-	12	1.00000000	0.00000	1.00000	0.00000	1.00000	0.00000	-1.00000	-1.00000	0.00000	-1.00000	-1.00000	1.00000	0
4639	un	5429	16	Pteri	C	-	10	1.00000000	0.00000	1.00000	0.00000	1.00000	0.00000	-1.00000	-1.00000	0.00000	-1.00000	-1.00000	1.00000	0
4680	un	5662	47	Preit	T	C	11	0.90909091	0.00000	1.00000	0.16529	0.83471	0.17316	-1.00000	-1.00000	1.00000	-1.00000	-1.00000	1.00000	0
4680	un	5662	47	Psaxi	T	-	7	1.00000000	0.00000	1.00000	0.00000	1.00000	0.00000	-1.00000	-1.00000	0.00000	-1.00000	-1.00000	1.00000	0
4680	un	5662	47	Psche	T	-	12	1.00000000	0.00000	1.00000	0.00000	1.00000	0.00000	-1.00000	-1.00000	0.00000	-1.00000	-1.00000	1.00000	0
4680	un	5662	47	Pteri	T	C	8	0.68750000	0.12500	0.87500	0.42969	0.57031	0.45833	-1.00000	-1.00000	0.72727	-1.00000	-1.00000	1.00000	0
4989	un	5921	2	Preit	C	-	12	1.00000000	0.00000	1.00000	0.00000	1.00000	0.00000	-1.00000	-1.00000	0.00000	-1.00000	-1.00000	1.00000	0
4989	un	5921	2	Psaxi	C	A	7	0.35714286	0.14286	0.85714	0.45918	0.54082	0.49451	-1.00000	-1.00000	0.71111	-1.00000	-1.00000	1.00000	1
4989	un	5921	2	Psche	C	-	10	1.00000000	0.00000	1.00000	0.00000	1.00000	0.00000	-1.00000	-1.00000	0.00000	-1.00000	-1.00000	1.00000	0
4989	un	5921	2	Pteri	C	-	8	1.00000000	0.00000	1.00000	0.00000	1.00000	0.00000	-1.00000	-1.00000	0.00000	-1.00000	-1.00000	1.00000	0
5115	un	6076	56	Preit	G	-	12	1.00000000	0.00000	1.00000	0.00000	1.00000	0.00000	-1.00000	-1.00000	0.00000	-1.00000	-1.00000	1.00000	0
5115	un	6076	56	Psaxi	G	-	7	1.00000000	0.00000	1.00000	0.00000	1.00000	0.00000	-1.00000	-1.00000	0.00000	-1.00000	-1.00000	1.00000	0
5115	un	6076	56	Psche	G	C	10	0.80000000	0.40000	0.60000	0.32000	0.68000	0.33684	-1.00000	-1.00000	-0.18750	-1.00000	-1.00000	1.00000	0
5115	un	6076	56	Pteri	G	C	9	0.88888889	0.22222	0.77778	0.19753	0.80247	0.20915	-1.00000	-1.00000	-0.06250	-1.00000	-1.00000	1.00000	0
5196	un	6277	48	Preit	G	A	12	0.87500000	0.25000	0.75000	0.21875	0.78125	0.22826	-1.00000	-1.00000	-0.09524	-1.00000	-1.00000	1.00000	0
5196	un	6277	48	Psaxi	G	-	7	1.00000000	0.00000	1.00000	0.00000	1.00000	0.00000	-1.00000	-1.00000	0.00000	-1.00000	-1.00000	1.00000	0
5196	un	6277	48	Psche	G	A	10	0.95000000	0.10000	0.90000	0.09500	0.90500	0.10000	-1.00000	-1.00000	-0.00000	-1.00000	-1.00000	1.00000	0
5196	un	6277	48	Pteri	G	-	9	1.00000000	0.00000	1.00000	0.00000	1.00000	0.00000	-1.00000	-1.00000	0.00000	-1.00000	-1.00000	1.00000	0
5357	un	6569	34	Preit	A	T	11	0.63636364	0.54545	0.45455	0.46281	0.53719	0.48485	-1.00000	-1.00000	-0.12500	-1.00000	-1.00000	1.00000	1
5357	un	6569	34	Psaxi	A	-	7	1.00000000	0.00000	1.00000	0.00000	1.00000	0.00000	-1.00000	-1.00000	0.00000	-1.00000	-1.00000	1.00000	0
5357	un	6569	34	Psche	A	-	11	1.00000000	0.00000	1.00000	0.00000	1.00000	0.00000	-1.00000	-1.00000	0.00000	-1.00000	-1.00000	1.00000	0
5357	un	6569	34	Pteri	A	-	9	1.00000000	0.00000	1.00000	0.00000	1.00000	0.00000	-1.00000	-1.00000	0.00000	-1.00000	-1.00000	1.00000	0
5438	un	6690	54	Preit	-	T	12	0.00000000	0.00000	1.00000	0.00000	1.00000	0.00000	-1.00000	-1.00000	0.00000	-1.00000	-1.00000	1.00000	0
5438	un	6690	54	Psaxi	-	T	7	0.00000000	0.00000	1.00000	0.00000	1.00000	0.00000	-1.00000	-1.00000	0.00000	-1.00000	-1.00000	1.00000	0
5438	un	6690	54	Psche	C	-	11	1.00000000	0.00000	1.00000	0.00000	1.00000	0.00000	-1.00000	-1.00000	0.00000	-1.00000	-1.00000	1.00000	0
5438	un	6690	54	Pteri	C	-	9	1.00000000	0.00000	1.00000	0.00000	1.00000	0.00000	-1.00000	-1.00000	0.00000	-1.00000	-1.00000	1.00000	0
5544	un	6740	1	Preit	A	T	10	0.15000000	0.30000	0.70000	0.25500	0.74500	0.26842	-1.00000	-1.00000	-0.11765	-1.00000	-1.00000	1.00000	0
5544	un	6740	1	Psaxi	A	T	6	0.66666667	0.33333	0.66667	0.44444	0.55556	0.48485	-1.00000	-1.00000	0.31250	-1.00000	-1.00000	1.00000	0
5544	un	6740	1	Psche	A	-	12	1.00000000	0.00000	1.00000	0.00000	1.00000	0.00000	-1.00000	-1.00000	0.00000	-1.00000	-1.00000	1.00000	0
5544	un	6740	1	Pteri	A	-	9	1.00000000	0.00000	1.00000	0.00000	1.00000	0.00000	-1.00000	-1.00000	0.00000	-1.00000	-1.00000	1.00000	0
6112	un	7172	25	Preit	C	-	12	1.00000000	0.00000	1.00000	0.00000	1.00000	0.00000	-1.00000	-1.00000	0.00000	-1.00000	-1.00000	1.00000	0
6112	un	7172	25	Psaxi	C	G	7	0.50000000	0.42857	0.57143	0.50000	0.50000	0.53846	-1.00000	-1.00000	0.20408	-1.00000	-1.00000	1.00000	1
6112	un	7172	25	Psche	C	-	10	1.00000000	0.00000	1.00000	0.00000	1.00000	0.00000	-1.00000	-1.00000	0.00000	-1.00000	-1.00000	1.00000	0
6112	un	7172	25	Pteri	C	-	9	1.00000000	0.00000	1.00000	0.00000	1.00000	0.00000	-1.00000	-1.00000	0.00000	-1.00000	-1.00000	1.00000	0
6177	un	7418	59	Preit	G	T	12	0.95833333	0.08333	0.91667	0.07986	0.92014	0.08333	-1.00000	-1.00000	0.00000	-1.00000	-1.00000	1.00000	0
6177	un	7418	59	Psaxi	G	-	5	1.00000000	0.00000	1.00000	0.00000	1.00000	0.00000	-1.00000	-1.00000	0.00000	-1.00000	-1.00000	1.00000	0
6177	un	7418	59	Psche	G	-	11	1.00000000	0.00000	1.00000	0.00000	1.00000	0.00000	-1.00000	-1.00000	0.00000	-1.00000	-1.00000	1.00000	0
6177	un	7418	59	Pteri	G	T	9	0.61111111	0.11111	0.88889	0.47531	0.52469	0.50327	-1.00000	-1.00000	0.77922	-1.00000	-1.00000	1.00000	0
6712	un	7674	12	Preit	T	-	12	1.00000000	0.00000	1.00000	0.00000	1.00000	0.00000	-1.00000	-1.00000	0.00000	-1.00000	-1.00000	1.00000	0
6712	un	7674	12	Psaxi	T	-	7	1.00000000	0.00000	1.00000	0.00000	1.00000	0.00000	-1.00000	-1.00000	0.00000	-1.00000	-1.00000	1.00000	0
6712	un	7674	12	Psche	T	-	11	1.00000000	0.00000	1.00000	0.00000	1.00000	0.00000	-1.00000	-1.00000	0.00000	-1.00000	-1.00000	1.00000	0
6712	un	7674	12	Pteri	T	C	9	0.22222222	0.00000	1.00000	0.34568	0.65432	0.36601	-1.00000	-1.00000	1.00000	-1.00000	-1.00000	1.00000	1
7213	un	8146	73	Preit	C	-	12	1.00000000	0.00000	1.00000	0.00000	1.00000	0.00000	-1.00000	-1.00000	0.00000	-1.00000	-1.00000	1.00000	0
7213	un	8146	73	Psaxi	C	-	6	1.00000000	0.00000	1.00000	0.00000	1.00000	0.00000	-1.00000	-1.00000	0.00000	-1.00000	-1.00000	1.00000	0
7213	un	8146	73	Psche	C	A	11	0.36363636	0.00000	1.00000	0.46281	0.53719	0.48485	-1.00000	-1.00000	1.00000	-1.00000	-1.00000	1.00000	0
7213	un	8146	73	Pteri	C	A	10	0.60000000	0.00000	1.00000	0.48000	0.52000	0.50526	-1.00000	-1.00000	1.00000	-1.00000	-1.00000	1.00000	0
7294	un	8227	49	Preit	C	-	12	1.00000000	0.00000	1.00000	0.00000	1.00000	0.00000	-1.00000	-1.00000	0.00000	-1.00000	-1.00000	1.00000	0
7294	un	8227	49	Psaxi	C	-	7	1.00000000	0.00000	1.00000	0.00000	1.00000	0.00000	-1.00000	-1.00000	0.00000	-1.00000	-1.00000	1.00000	0
7294	un	8227	49	Psche	C	-	12	1.00000000	0.00000	1.00000	0.00000	1.00000	0.00000	-1.00000	-1.00000	0.00000	-1.00000	-1.00000	1.00000	0
7294	un	8227	49	Pteri	C	A	9	0.55555556	0.00000	1.00000	0.49383	0.50617	0.52288	-1.00000	-1.00000	1.00000	-1.00000	-1.00000	1.00000	1
7389	un	8437	56	Preit	C	-	12	1.00000000	0.00000	1.00000	0.00000	1.00000	0.00000	-1.00000	-1.00000	0.00000	-1.00000	-1.00000	1.00000	0
7389	un	8437	56	Psaxi	C	T	7	0.85714286	0.00000	1.00000	0.24490	0.75510	0.26374	-1.00000	-1.00000	1.00000	-1.00000	-1.00000	1.00000	0
7389	un	8437	56	Psche	C	T	12	0.83333333	0.00000	1.00000	0.27778	0.72222	0.28986	-1.00000	-1.00000	1.00000	-1.00000	-1.00000	1.00000	0
7389	un	8437	56	Pteri	C	T	10	0.60000000	0.00000	1.00000	0.48000	0.52000	0.50526	-1.00000	-1.00000	1.00000	-1.00000	-1.00000	1.00000	0
7786	un	8644	57	Preit	-	A	11	0.00000000	0.00000	1.00000	0.00000	1.00000	0.00000	-1.00000	-1.00000	0.00000	-1.00000	-1.00000	1.00000	0
7786	un	8644	57	Psaxi	C	A	7	0.14285714	0.00000	1.00000	0.24490	0.75510	0.26374	-1.00000	-1.00000	1.00000	-1.00000	-1.00000	1.00000	0
7786	un	8644	57	Psche	C	-	11	1.00000000	0.00000	1.00000	0.00000	1.00000	0.00000	-1.00000	-1.00000	0.00000	-1.00000	-1.00000	1.00000	0
7786	un	8644	57	Pteri	C	-	10	1.00000000	0.00000	1.00000	0.00000	1.00000	0.00000	-1.00000	-1.00000	0.00000	-1.00000	-1.00000	1.00000	0
7922	un	8828	37	Preit	G	-	10	1.00000000	0.00000	1.00000	0.00000	1.00000	0.00000	-1.00000	-1.00000	0.00000	-1.00000	-1.00000	1.00000	0
7922	un	8828	37	Psaxi	G	-	7	1.00000000	0.00000	1.00000	0.00000	1.00000	0.00000	-1.00000	-1.00000	0.00000	-1.00000	-1.00000	1.00000	0
7922	un	8828	37	Psche	G	A	10	0.95000000	0.10000	0.90000	0.09500	0.90500	0.10000	-1.00000	-1.00000	-0.00000	-1.00000	-1.00000	1.00000	0
7922	un	8828	37	Pteri	G	A	10	0.40000000	0.20000	0.80000	0.48000	0.52000	0.50526	-1.00000	-1.00000	0.60417	-1.00000	-1.00000	1.00000	0
8116	un	8998	1	Preit	G	-	10	1.00000000	0.00000	1.00000	0.00000	1.00000	0.00000	-1.00000	-1.00000	0.00000	-1.00000	-1.00000	1.00000	0
8116	un	8998	1	Psaxi	G	-	6	1.00000000	0.00000	1.00000	0.00000	1.00000	0.00000	-1.00000	-1.00000	0.00000	-1.00000	-1.00000	1.00000	0
8116	un	8998	1	Psche	G	-	11	1.00000000	0.00000	1.00000	0.00000	1.00000	0.00000	-1.00000	-1.00000	0.00000	-1.00000	-1.00000	1.00000	0
8116	un	8998	1	Pteri	G	A	10	0.60000000	0.20000	0.80000	0.48000	0.52000	0.50526	-1.00000	-1.00000	0.60417	-1.00000	-1.00000	1.00000	1
8570	un	9781	72	Preit	G	-	11	1.00000000	0.00000	1.00000	0.00000	1.00000	0.00000	-1.00000	-1.00000	0.00000	-1.00000	-1.00000	1.00000	0
8570	un	9781	72	Psaxi	G	-	5	1.00000000	0.00000	1.00000	0.00000	1.00000	0.00000	-1.00000	-1.00000	0.00000	-1.00000	-1.00000	1.00000	0
8570	un	9781	72	Psche	G	A	12	0.33333333	0.16667	0.83333	0.44444	0.55556	0.46377	-1.00000	-1.00000	0.64062	-1.00000	-1.00000	1.00000	0
8570	un	9781	72	Pteri	G	A	9	0.33333333	0.00000	1.00000	0.44444	0.55556	0.47059	-1.00000	-1.00000	1.00000	-1.00000	-1.00000	1.00000	0
8704	un	9830	20	Preit	T	-	11	1.00000000	0.00000	1.00000	0.00000	1.00000	0.00000	-1.00000	-1.00000	0.00000	-1.00000	-1.00000	1.00000	0
8704	un	9830	20	Psaxi	T	-	6	1.00000000	0.00000	1.00000	0.00000	1.00000	0.00000	-1.00000	-1.00000	0.00000	-1.00000	-1.00000	1.00000	0
8704	un	9830	20	Psche	T	C	12	0.95833333	0.08333	0.91667	0.07986	0.92014	0.08333	-1.00000	-1.00000	0.00000	-1.00000	-1.00000	1.00000	0
8704	un	9830	20	Pteri	T	C	9	0.72222222	0.11111	0.88889	0.40123	0.59877	0.42484	-1.00000	-1.00000	0.73846	-1.00000	-1.00000	1.00000	0
9219	un	10143	27	Preit	T	-	11	1.00000000	0.00000	1.00000	0.00000	1.00000	0.00000	-1.00000	-1.00000	0.00000	-1.00000	-1.00000	1.00000	0
9219	un	10143	27	Psaxi	T	-	7	1.00000000	0.00000	1.00000	0.00000	1.00000	0.00000	-1.00000	-1.00000	0.00000	-1.00000	-1.00000	1.00000	0
9219	un	10143	27	Psche	T	-	12	1.00000000	0.00000	1.00000	0.00000	1.00000	0.00000	-1.00000	-1.00000	0.00000	-1.00000	-1.00000	1.00000	0
9219	un	10143	27	Pteri	T	G	8	0.75000000	0.25000	0.75000	0.37500	0.62500	0.40000	-1.00000	-1.00000	0.37500	-1.00000	-1.00000	1.00000	1
9261	un	10266	49	Preit	A	-	11	1.00000000	0.00000	1.00000	0.00000	1.00000	0.00000	-1.00000	-1.00000	0.00000	-1.00000	-1.00000	1.00000	0
9261	un	10266	49	Psaxi	A	-	7	1.00000000	0.00000	1.00000	0.00000	1.00000	0.00000	-1.00000	-1.00000	0.00000	-1.00000	-1.00000	1.00000	0
9261	un	10266	49	Psche	A	-	11	1.00000000	0.00000	1.00000	0.00000	1.00000	0.00000	-1.00000	-1.00000	0.00000	-1.00000	-1.00000	1.00000	0
9261	un	10266	49	Pteri	A	T	10	0.80000000	0.20000	0.80000	0.32000	0.68000	0.33684	-1.00000	-1.00000	0.40625	-1.00000	-1.00000	1.00000	1
